[
    { "face": "A", "suit": "clubs", "value": "11", "secondaryValue": "1", "showCard": "false", "image": "images/clubs_01.jpg" },
    { "face": "2", "suit": "clubs", "value": "2", "secondaryValue": "2", "showCard": "false", "image": "images/clubs_02.jpg" },
    { "face": "3", "suit": "clubs", "value": "3", "secondaryValue": "3", "showCard": "false", "image": "images/clubs_03.jpg" },
    { "face": "4", "suit": "clubs", "value": "4", "secondaryValue": "4", "showCard": "false", "image": "images/clubs_04.jpg" },
    { "face": "5", "suit": "clubs", "value": "5", "secondaryValue": "5", "showCard": "false", "image": "images/clubs_05.jpg" },
    { "face": "6", "suit": "clubs", "value": "6", "secondaryValue": "6", "showCard": "false", "image": "images/clubs_06.jpg" },
    { "face": "7", "suit": "clubs", "value": "7", "secondaryValue": "7", "showCard": "false", "image": "images/clubs_07.jpg" },
    { "face": "8", "suit": "clubs", "value": "8", "secondaryValue": "8", "showCard": "false", "image": "images/clubs_08.jpg" },
    { "face": "9", "suit": "clubs", "value": "9", "secondaryValue": "9", "showCard": "false", "image": "images/clubs_09.jpg" },
    { "face": "10", "suit": "clubs", "value": "10", "secondaryValue": "10", "showCard": "false", "image": "images/clubs_10.jpg" },
    { "face": "J", "suit": "clubs", "value": "10", "secondaryValue": "10", "showCard": "false", "image": "images/clubs_Jack.jpg" },
    { "face": "Q", "suit": "clubs", "value": "10", "secondaryValue": "10", "showCard": "false", "image": "images/clubs_Queen.jpg" },
    { "face": "K", "suit": "clubs", "value": "10", "secondaryValue": "10", "showCard": "false", "image": "images/clubs_King.jpg" },
    { "face": "A", "suit": "spades", "value": "11", "secondaryValue": "1", "showCard": "false", "image": "images/spades_01.jpg" },
    { "face": "2", "suit": "spades", "value": "2", "secondaryValue": "2", "showCard": "false", "image": "images/spades_02.jpg" },
    { "face": "3", "suit": "spades", "value": "3", "secondaryValue": "3", "showCard": "false", "image": "images/spades_03.jpg" },
    { "face": "4", "suit": "spades", "value": "4", "secondaryValue": "4", "showCard": "false", "image": "images/spades_04.jpg" },
    { "face": "5", "suit": "spades", "value": "5", "secondaryValue": "5", "showCard": "false", "image": "images/spades_05.jpg" },
    { "face": "6", "suit": "spades", "value": "6", "secondaryValue": "6", "showCard": "false", "image": "images/spades_06.jpg" },
    { "face": "7", "suit": "spades", "value": "7", "secondaryValue": "7", "showCard": "false", "image": "images/spades_07.jpg" },
    { "face": "8", "suit": "spades", "value": "8", "secondaryValue": "8", "showCard": "false", "image": "images/spades_08.jpg" },
    { "face": "9", "suit": "spades", "value": "9", "secondaryValue": "9", "showCard": "false", "image": "images/spades_09.jpg" },
    { "face": "10", "suit": "spades", "value": "10", "secondaryValue": "10", "showCard": "false", "image": "images/spades_10.jpg" },
    { "face": "J", "suit": "spades", "value": "10", "secondaryValue": "10", "showCard": "false", "image": "images/spades_Jack.jpg" },
    { "face": "Q", "suit": "spades", "value": "10", "secondaryValue": "10", "showCard": "false", "image": "images/spades_Queen.jpg" },
    { "face": "K", "suit": "spades", "value": "10", "secondaryValue": "10", "showCard": "false", "image": "images/spades_King.jpg" },
    { "face": "A", "suit": "diamonds", "value": "11", "secondaryValue": "1", "showCard": "false", "image": "images/diamonds_01.jpg" },
    { "face": "2", "suit": "diamonds", "value": "2", "secondaryValue": "2", "showCard": "false", "image": "images/diamonds_02.jpg" },
    { "face": "3", "suit": "diamonds", "value": "3", "secondaryValue": "3", "showCard": "false", "image": "images/diamonds_03.jpg" },
    { "face": "4", "suit": "diamonds", "value": "4", "secondaryValue": "4", "showCard": "false", "image": "images/diamonds_04.jpg" },
    { "face": "5", "suit": "diamonds", "value": "5", "secondaryValue": "5", "showCard": "false", "image": "images/diamonds_05.jpg" },
    { "face": "6", "suit": "diamonds", "value": "6", "secondaryValue": "6", "showCard": "false", "image": "images/diamonds_06.jpg" },
    { "face": "7", "suit": "diamonds", "value": "7", "secondaryValue": "7", "showCard": "false", "image": "images/diamonds_07.jpg" },
    { "face": "8", "suit": "diamonds", "value": "8", "secondaryValue": "8", "showCard": "false", "image": "images/diamonds_08.jpg" },
    { "face": "9", "suit": "diamonds", "value": "9", "secondaryValue": "9", "showCard": "false", "image": "images/diamonds_09.jpg" },
    { "face": "10", "suit": "diamonds", "value": "10", "secondaryValue": "10", "showCard": "false", "image": "images/diamonds_10.jpg" },
    { "face": "J", "suit": "diamonds", "value": "10", "secondaryValue": "10", "showCard": "false", "image": "images/diamonds_Jack.jpg" },
    { "face": "Q", "suit": "diamonds", "value": "10", "secondaryValue": "10", "showCard": "false", "image": "images/diamonds_Queen.jpg" },
    { "face": "K", "suit": "diamonds", "value": "10", "secondaryValue": "10", "showCard": "false", "image": "images/diamonds_King.jpg" },
    { "face": "A", "suit": "hearts", "value": "11", "secondaryValue": "1", "showCard": "false", "image": "images/hearts_01.jpg" },
    { "face": "2", "suit": "hearts", "value": "2", "secondaryValue": "2", "showCard": "false", "image": "images/hearts_02.jpg" },
    { "face": "3", "suit": "hearts", "value": "3", "secondaryValue": "3", "showCard": "false", "image": "images/hearts_03.jpg" },
    { "face": "4", "suit": "hearts", "value": "4", "secondaryValue": "4", "showCard": "false", "image": "images/hearts_04.jpg" },
    { "face": "5", "suit": "hearts", "value": "5", "secondaryValue": "5", "showCard": "false", "image": "images/hearts_05.jpg" },
    { "face": "6", "suit": "hearts", "value": "6", "secondaryValue": "6", "showCard": "false", "image": "images/hearts_06.jpg" },
    { "face": "7", "suit": "hearts", "value": "7", "secondaryValue": "7", "showCard": "false", "image": "images/hearts_07.jpg" },
    { "face": "8", "suit": "hearts", "value": "8", "secondaryValue": "8", "showCard": "false", "image": "images/hearts_08.jpg" },
    { "face": "9", "suit": "hearts", "value": "9", "secondaryValue": "9", "showCard": "false", "image": "images/hearts_09.jpg" },
    { "face": "10", "suit": "hearts", "value": "10", "secondaryValue": "10", "showCard": "false", "image": "images/hearts_10.jpg" },
    { "face": "J", "suit": "hearts", "value": "10", "secondaryValue": "10", "showCard": "false", "image": "images/hearts_Jack.jpg" },
    { "face": "Q", "suit": "hearts", "value": "10", "secondaryValue": "10", "showCard": "false", "image": "images/hearts_Queen.jpg" },
    { "face": "K", "suit": "hearts", "value": "10", "secondaryValue": "10", "showCard": "false", "image": "images/hearts_King.jpg" }
]